{
  "model": "ClinicalBERT",
  "dataset": "Type_2_diabetes.csv",
  "test_samples": 1419,
  "metrics": {
    "accuracy": 0.945031712473573,
    "precision": 0.9532374100719424,
    "recall": 0.9532374100719424,
    "f1_score": 0.9532374100719424,
    "roc_auc": 0.9881448687204083
  },
  "confusion_matrix": [
    [
      546,
      39
    ],
    [
      39,
      795
    ]
  ],
  "class_names": [
    "General Research",
    "Clinical Management"
  ]
}